{
  "initialization_time_control": 0.09636402130126953,
  "execution_time_control": 19.408847332000732,
  "total_time": 19.505211353302002
}