{
  "initialization_time_control": 0.09825801849365234,
  "execution_time_control": 18.12295150756836,
  "total_time": 18.22120952606201
}