{
  "initialization_time_control": 0.0977020263671875,
  "execution_time_control": 15.428536415100098,
  "total_time": 15.526238441467285
}