{
  "initialization_time_planning": 0.11018633842468262,
  "execution_time_planning": 16.80326199531555,
  "total_time": 16.913448333740234
}